COUNTYGEOID,label,tri_chem_id,quantity_kg
48245,3,000319846,4.9895160700000005
02090,4,N078,18412.67507541
02188,4,N078,7667382.164401783
01073,1,N078,3352.3742008064
01075,1,N078,26.76194983
01095,4,N078,2.72155422
01103,1,N078,2037.4643512608
01119,4,N078,6607330.830972117
01125,5,N078,104.54215506812
05067,4,N078,9.344002822
05093,4,N078,488.8364971490001
05131,1,N078,2.12417306871
05139,1,N078,16842.76733895686
04007,4,N078,2166241.94665802
04011,4,N078,22679.618500000004
04013,1,N078,99.0464299132
04021,4,N078,60893.41489539
06001,1,N078,27.66913457
06029,3,N078,21667.20033016
06037,3,N078,17.047135245525
06059,5,N078,0.09525439770000002
06111,3,N078,9.52543977
08001,3,N078,67286.61337766831
08031,4,N078,1096.7863506600004
08041,1,N078,353.80204860000015
08065,4,N078,6705.4560057100025
08101,4,N078,2.17134667519
09001,1,N078,64.86370891
09003,1,N078,11.79340162
10003,3,N078,44.90564463
12001,4,N078,5651.760930200001
12031,5,N078,202.55167282349998
12047,4,N078,35380.549590201204
13045,4,N078,54.88467677
13185,4,N078,360.15234178000014
19111,1,N078,0.90718474
16029,4,N078,3537466.540854062
16077,4,N078,1976958.562797041
16079,4,N078,159296.00173724856
17031,1,N078,622.81180751405
17091,2,N078,234.05366292
17115,1,N078,0.90718474
17135,4,N078,565.17609302
17143,4,N078,910547.67383118
17163,1,N078,671710.6072141082
17189,4,N078,25638.2414114034
17197,1,N078,1.7962257852
18017,1,N078,315.6141069697
18033,5,N078,637.75087222
18063,4,N078,43.99845989000001
18089,3,N078,79397.12142353531
18097,1,N078,1.81436948
18129,2,N078,70.76040972
18133,5,N078,266.71231356000004
20015,2,N078,24.94758035
20173,1,N078,698.5322497999998
21019,2,N078,391.45021531
21037,1,N078,34.926612490000004
21077,4,N078,38.1199027748
21101,4,N078,125.19149412
21111,2,N078,5069.348327120001
21209,2,N078,1368.94177266
22005,0,N078,184347.19664592
22017,1,N078,1554.9146443600002
22019,5,N078,25991.29639337
22033,3,N078,4.9895160700000005
22047,2,N078,53.97749203
22077,4,N078,0.45359237
22097,3,N078,2.2679618500000003
25005,1,N078,134.5672484079
25009,1,N078,14.968548210000002
25027,1,N078,215.45637575
24005,1,N078,172.3651006
24510,5,N078,229.56309845700008
26021,1,N078,90.718474
26075,1,N078,994.2790109637
26163,1,N078,240302.40130428073
27037,5,N078,58.96700810000001
27053,1,N078,40.8233133
27059,4,N078,34.01942775
27123,1,N078,1279.1304834
29093,4,N078,33767.68398465
29099,4,N078,189971.95522233387
29173,1,N078,0.4989516070000001
29183,1,N078,102.05828325
28003,4,N078,76.65257460630002
28047,4,N078,129624.90594438
28087,1,N078,171.00432349
28121,4,N078,164.65403031
30013,2,N078,1.36077711
30043,4,N078,66731.60228966
30049,4,N078,334599.66920842003
37013,4,N078,638741.4408453772
37067,1,N078,0.05443108440000001
37071,1,N078,167.37558453000003
37147,3,N078,1.36077711
37161,0,N078,321.59699033
31055,1,N078,4.0823313300000015
31095,4,N078,49.350849856
31167,4,N078,83.28409505570002
34005,1,N078,2.2679618500000003
34023,5,N078,308.4428116
34033,3,N078,26.76194983
35017,4,N078,373241.20320872
35023,4,N078,268326.64880483
32007,4,N078,1386603.29877069
32011,4,N078,2663622.76328071
32013,4,N078,1036679.46493419
32015,4,N078,1367532.1436517509
32023,4,N078,434015.2008408601
36001,3,N078,333.3903919500001
36011,4,N078,16.27761578982
36047,1,N078,11500.83454135
36063,1,N078,54184.33015072001
36089,4,N078,96947.65801721004
39017,1,N078,33.56583538
39019,4,N078,1416.5689715099998
39033,4,N078,498.951607
39035,1,N078,32007.8589871425
39043,2,N078,4.5359237000000014
39049,1,N078,4.9895160700000005
39061,1,N078,67.13167076
39077,4,N078,2266.60107289
39085,1,N078,452.68518526
39089,1,N078,34.01942775
39095,1,N078,3.62873896
39099,1,N078,34.47302012
39143,4,N078,131090.46289184998
39151,1,N078,20.2937226338
39155,2,N078,47.62719885
39157,0,N078,142.5550100436
39167,0,N078,0.45359237
39173,1,N078,4.9895160700000005
40093,4,N078,3930675.49616862
40143,1,N078,53.07030729
40147,4,N078,19543.934446190007
42003,2,N078,1302.26369427
42007,4,N078,12075.540610063703
42011,1,N078,132.764717688757
42019,1,N078,1.81436948
42025,4,N078,3796.341340715
42029,5,N078,635.029318
42073,1,N078,22825.353192557304
42079,3,N078,527.98151868
42091,1,N078,8.618255030000002
42107,1,N078,42.63768278000001
42125,3,N078,1660.9327890001005
42129,1,N078,8342.017276670002
42133,1,N078,12.70058636
72013,4,N078,1236.94639299
44003,1,N078,0.45359237
45011,4,N078,273.5706301944
45015,0,N078,123.02332259139999
45031,4,N078,767.47829004
45035,1,N078,13.031754149337006
45057,2,N078,4.5359237000000014
45075,1,N078,462.6642174
47057,4,N078,5544.25953851
47085,4,N078,34049.818438790004
47089,4,N078,19244.46097011438
47113,4,N078,117376.7643656839
47123,1,N078,14.514955840000002
47125,4,N078,3811569.1078926083
47145,4,N078,37.19457434
47157,1,N078,34.3187987142
47159,4,N078,37128.97742111385
47163,1,N078,461.076644105
48139,0,N078,357.24798983489
48141,1,N078,18052.976326000004
48187,4,N078,5987.419284000001
48201,3,N078,20339.2542359006
48245,3,N078,698.7318304428003
48289,4,N078,914.89581029
48309,1,N078,589.670081
48355,3,N078,351776.7749972754
48439,1,N078,86.63614267
49003,3,N078,4253.78924586
49035,4,N078,983401.7570689314
49045,4,N078,1485086.761585712
51015,1,N078,11.79340162
51121,1,N078,8.61825503
51550,5,N078,4.5359237000000014
51840,2,N078,9.0718474
53033,1,N078,163.29325319999995
53051,4,N078,184.15850222
53061,1,N078,337.47272328
53063,1,N078,3.447302012
53073,2,N078,25.40117272
55079,1,N078,0.036514185785
55111,4,N078,48080.79122
54029,4,N078,3035.0781733287395
54107,2,N078,1903.27358452
01015,1,000108907,3.17514659
01045,0,000108907,8836.88655234
01073,1,000108907,30821.601541500004
01097,2,000108907,6030.05696678
01129,0,000108907,5261.671492
05051,0,000108907,2014.9933852510003
05063,1,000108907,50366.8967648
05081,5,000108907,3.5244127149000013
05093,4,000108907,3.62873896
05125,1,000108907,24.49398798000001
05139,1,000108907,396.1825445062101
06013,3,000108907,781.5396535100001
06029,3,000108907,797.7510448138
06059,5,000108907,1542.214058
06067,5,000108907,265.35153645
06085,3,000108907,1.9776627332000003
08001,3,000108907,1.81436948
08123,1,000108907,1814.5055577110002
09009,1,000108907,3675.00538174
10003,3,000108907,336946.5561308
12019,2,000108907,254.46531957
13245,0,000108907,892868.91121043
19067,3,000108907,2640.36118577
19069,2,000108907,3.62873896
19079,2,000108907,156.03577528000002
19139,0,000108907,100511.98686067
17031,1,000108907,1249.64697935
17111,1,000108907,58.9670081
17163,1,000108907,509648.22226934
17199,0,000108907,6259.574706
18017,1,000108907,106.59420695000007
18089,3,000108907,11.79340162
18107,1,000108907,344.7302012
18133,5,000108907,423.337758921
18157,1,000108907,1906.44873111
20021,3,000108907,526.1671491999998
20125,2,000108907,1.81436948
20133,3,000108907,4.740040266499999
20205,1,000108907,6.80388555
21017,1,000108907,424.8799729790001
21019,2,000108907,1360.32351763
21041,0,000108907,11640.767787495
21103,1,000108907,40.8233133
21157,1,000108907,702.3469616316999
22005,0,000108907,3824231.332131507
22019,5,000108907,80074.92903795
22033,3,000108907,49.128589594700024
22047,2,000108907,99220.65474251703
22089,3,000108907,9856.879714758998
22101,1,000108907,9.97903214
25009,1,000108907,9179.802384060002
25017,1,000108907,20222.50863171
25021,5,000108907,29.029911680000005
25027,1,000108907,1697.79624091
24013,0,000108907,4414.36094484
26081,1,000108907,133.10305223754006
26099,1,000108907,94896.51332007
26111,0,000108907,118368.10409809
26115,1,000108907,165675.97391961
26121,1,000108907,9353.074669399997
26139,5,000108907,120258.22350388
26163,1,000108907,19601.08708481
27047,1,000108907,11.33980925
29031,3,000108907,39.008943820000006
29099,4,000108907,9.52543977
29127,0,000108907,25808.04507589
29163,0,000108907,520.27044839
29173,1,000108907,1122.6819390633
29510,1,000108907,4794.020026491851
28087,1,000108907,8.61825503
37081,1,000108907,30097.21452661
37119,1,000108907,37234.94406092999
37123,0,000108907,86.28914450695
37159,3,000108907,175.54024719
37161,0,000108907,5078.42017452
37165,0,000108907,118024.73467400002
37167,1,000108907,27.2155422
31105,3,000108907,136.05503138150002
34003,1,000108907,1219.25629056
34013,1,000108907,4.9895160700000005
34015,2,000108907,24.49398798
34033,3,000108907,21071.17995598
34035,0,000108907,2787.325113650001
34039,3,000108907,5624.99898037
34041,2,000108907,5517.95118105
36001,3,000108907,123.72639076490002
36055,1,000108907,35763.490412650004
36063,1,000108907,2394.7137018728
36073,0,000108907,4082.33133
36091,0,000108907,3418.27210032
39017,1,000108907,316.15388189
39029,0,000108907,104.20921826854
39049,1,000108907,365.14185785
39061,1,000108907,94494.17688788
39093,1,000108907,775.2664710329
39095,1,000108907,7257.47792
39113,1,000108907,5024.89763563711
39125,1,000108907,86.6588222885
39135,2,000108907,17.690102430000007
39153,1,000108907,3613.77041179
39167,0,000108907,5185767.163367253
41059,0,000108907,0.0045359237000000005
42003,2,000108907,2449.398798
42007,4,000108907,214.55826285740002
42013,1,000108907,794.2402398700001
42027,1,000108907,3799.7432834900014
42073,1,000108907,94.80080533
42101,2,000108907,3525.31989964
72017,0,000108907,6553.95615413
44007,1,000108907,24.04039561
45013,0,000108907,3324.8320721000005
45015,0,000108907,25490.530416890004
45019,1,000108907,23165.41592827
45035,1,000108907,29.48350405
45055,0,000108907,9024.5876109697
45075,1,000108907,28.163550253300013
45079,1,000108907,25582.609668
45083,1,000108907,37.64816671000001
45091,0,000108907,25736.831073800004
47041,1,000108907,12655.227123
47085,4,000108907,3137.95201566
47119,2,000108907,49214.4138070277
47157,1,000108907,166.01480742
47163,1,000108907,19491.77132364
48039,2,000108907,24518.93556035
48057,1,000108907,18177.5010393361
48071,0,000108907,316544.42492057005
48139,0,000108907,1475.53597961
48167,3,000108907,27.2155422
48201,3,000108907,2647167.469462861
48245,3,000108907,1348.3337105137905
48355,3,000108907,5163.1104059227
48361,0,000108907,198797.99184518342
48409,1,000108907,151.49985158000004
49045,4,000108907,211.3604366489
51029,3,000108907,11.339809250000002
51143,1,000108907,2.72155422
51700,1,000108907,26320.60445399
55035,2,000108907,1238.9875586550004
55075,0,000108907,12086.372940170146
55133,1,000108907,58889.8973971
54039,3,000108907,1798.04015468
54051,0,000108907,1669650.0178852337
54073,0,000108907,5397.749203
54079,1,000108907,873.6189046200003
02020,2,000098828,362.8920396948
02090,4,000098828,1408.4360603158993
02110,2,000098828,9.570799007
02122,3,000098828,1655.884305922
02130,2,000098828,7.665711053000001
01015,1,000098828,49689.89654480389
01027,2,000098828,701.70739639
01033,2,000098828,372849.75299341
01043,1,000098828,371.03855866
01055,1,000098828,71.66759446
01073,1,000098828,13536.103505540004
01083,2,000098828,18888.738411419803
01091,2,000098828,7024.33144182
01093,2,000098828,39398.57966583002
01097,2,000098828,226348.62341271449
01101,1,000098828,6.35029318
01103,1,000098828,849.5785090100003
01121,3,000098828,1651.0762268
01125,5,000098828,62.14215469
05027,2,000098828,2948.350405
05035,2,000098828,39.00894382
05061,3,000098828,276.23775333000003
05063,1,000098828,55179.96540287002
05081,5,000098828,4.6447858688
05085,2,000098828,300.73174131
05093,4,000098828,3.17514659
05119,1,000098828,2309.69234804
05125,1,000098828,31.297873530000004
05131,1,000098828,3540.74204022
05139,1,000098828,6312.5649542366955
04013,1,000098828,147.55359796099995
06001,1,000098828,15193.98361789
06013,3,000098828,22687.2751392056
06019,2,000098828,11.33980925
06029,3,000098828,503.41795870228935
06037,3,000098828,15523.014987164299
06059,5,000098828,1338.0974915000004
06065,2,000098828,1068.4821867720002
06067,5,000098828,2.72155422
06071,3,000098828,20.7836023934
06073,5,000098828,4.0823313300000015
06077,3,000098828,5.4431084400000005
06079,2,000098828,279.10717866262
06095,3,000098828,6971.510610333501
06099,3,000098828,771.107029
08001,3,000098828,14680.743851235005
08005,1,000098828,3.0662844212
08031,4,000098828,39.79819454380001
08041,1,000098828,0.90718474
08077,3,000098828,0.90718474
08089,2,000098828,174.451625502
09001,1,000098828,5.0212675359
09009,1,000098828,1295.4598087200004
09011,5,000098828,219.765503265
10001,1,000098828,224.98181552
10003,3,000098828,9667.414181810003
12001,4,000098828,5011.288503759999
12005,3,000098828,1.81436948
12009,1,000098828,138.43639132400006
12011,5,000098828,364.5521877690001
12019,2,000098828,23978.707047680004
12031,5,000098828,628.7697432939999
12057,5,000098828,213.1884139
12083,2,000098828,209.55967494
12087,2,000098828,14.968548210000002
13021,1,000098828,8.164662660000001
13051,1,000098828,43.99845989
13063,2,000098828,1126.72344708
13067,1,000098828,497.59082989000007
13077,2,000098828,9071.8474
13081,2,000098828,8.61825503
13087,2,000098828,7.25747792
13089,5,000098828,14773.95708327
13115,2,000098828,2921.1348628
13127,2,000098828,257955.71285715
13215,1,000098828,3.62873896
13233,1,000098828,1768.10305826
13261,2,000098828,6128.9401034400025
13285,1,000098828,1827.9772511
13303,1,000098828,2.72155422
66010,3,000098828,1932.7570885699995
15003,3,000098828,11.367024792200002
19069,2,000098828,3.62873896
19079,2,000098828,1016.0469088
19105,2,000098828,68.94604024
19111,1,000098828,13892.173515990005
19139,0,000098828,15662.090943729998
19153,1,000098828,36.45703314638001
19155,1,000098828,127.09340692741004
19163,1,000098828,107.04008824971001
16023,2,000098828,121.2134890351
17019,2,000098828,14.514955840000002
17031,1,000098828,1256848.2481035104
17033,3,000098828,278.233559758
17043,1,000098828,70.30681735
17049,2,000098828,98602.81657534
17053,2,000098828,16.329325320000002
17063,2,000098828,33.11224301
17089,1,000098828,4458.359404730002
17091,2,000098828,2825.4268727300005
17097,1,000098828,9661.06388863
17099,2,000098828,440895.41237896006
17101,2,000098828,396.89332375
17115,1,000098828,1.36077711
17119,3,000098828,41212.04196109
17141,1,000098828,680.388555
17143,4,000098828,85196.89407999
17163,1,000098828,58.9670081
17167,1,000098828,40.36972093
17175,1,000098828,36.74098197000001
17189,4,000098828,286.27575247810006
17197,1,000098828,10406.905822621
17201,1,000098828,7060.16523905
18003,1,000098828,36826.438772508
18017,1,000098828,0.90718474
18019,1,000098828,130.63460256000002
18021,2,000098828,817.4278818244002
18031,1,000098828,1593.01640344
18033,5,000098828,178.26180141
18035,1,000098828,4.0823313300000015
18039,1,000098828,32.658650640000005
18051,1,000098828,2979.64827853
18057,1,000098828,19.050879540000004
18059,2,000098828,27658.248353120005
18069,1,000098828,0.90718474
18083,2,000098828,8134.271971210002
18089,3,000098828,19018.8513827543
18091,1,000098828,10177.705598059998
18095,1,000098828,5.442110536785999
18097,1,000098828,1656.0838865648002
18113,1,000098828,1783.52519884
18129,2,000098828,2375960.3789275205
18133,5,000098828,3224.5427990929998
18141,1,000098828,449.05644630000006
18145,1,000098828,78.92507238
18157,1,000098828,29788.318122640005
18163,1,000098828,1.36077711
18173,2,000098828,4622.1062502999985
18177,1,000098828,2948.350405
20009,2,000098828,605.99940632
20015,2,000098828,1452295.9422937569
20035,1,000098828,1088.6216880000004
20043,2,000098828,6205.1436216
20113,2,000098828,13855.1966659876
20117,2,000098828,0.45359237
20125,2,000098828,1834.78113665
20133,3,000098828,9.0718474
20147,2,000098828,536.59977371
20159,2,000098828,0.11022294590999998
20173,1,000098828,3101.6646260600014
20205,1,000098828,60.32778521
20209,1,000098828,8425.266445113208
21015,2,000098828,869.99016566
21019,2,000098828,307906.66541866
21047,2,000098828,11777.52588705
21067,1,000098828,5.8967008100000005
21091,2,000098828,44.8239980034
21111,2,000098828,36056.964676040014
21117,2,000098828,5.4431084400000005
21145,1,000098828,308.89640397
21151,1,000098828,2844.47775227
21153,2,000098828,853.20724797
21157,1,000098828,1756.76324901
21169,2,000098828,2464.36734621
21185,2,000098828,2250.72533994
21199,2,000098828,3683.62363677
21205,2,000098828,115.029301380994
21209,2,000098828,8882.69938171
21227,1,000098828,378.74962895
21239,1,000098828,1.36077711
22001,3,000098828,135.52196962827605
22007,3,000098828,1.36077711
22017,1,000098828,1974.48758661
22019,5,000098828,63131.44872081743
22033,3,000098828,52236.35957406022
22047,2,000098828,970995.6973066198
22051,5,000098828,53.07030729
22055,3,000098828,202.30219702
22063,2,000098828,36.2873896
22075,3,000098828,40558.723798731604
22087,3,000098828,13895.34866258
22089,3,000098828,3064.6061294309998
22093,3,000098828,5812.78622155
22095,3,000098828,280.32008466
22097,3,000098828,1575.7798933800002
22101,1,000098828,4.9895160700000005
22105,2,000098828,0.264625788658
22121,2,000098828,499.8587917400001
25003,1,000098828,19.95806428
25021,5,000098828,175.54024719000003
25025,1,000098828,157.85921660739996
25027,1,000098828,134.081904572
24033,2,000098828,136.07771100000002
24043,2,000098828,25.40117272
24510,5,000098828,1484.4851756331525
23005,3,000098828,220.53842466348
23017,2,000098828,47.62719885
26005,1,000098828,8.61825503
26017,2,000098828,9.52543977
26021,1,000098828,11.79340162
26037,1,000098828,6.80388555
26045,2,000098828,26852.668304000006
26049,5,000098828,22011.02334662
26057,2,000098828,1598.91310425
26065,2,000098828,19196.029098400002
26075,1,000098828,5.4431084400000005
26077,3,000098828,312.9787353000001
26081,1,000098828,18829.52646344
26099,1,000098828,83246.68198591538
26111,0,000098828,4816.69737703
26121,1,000098828,12.70058636
26125,1,000098828,24487.4789294905
26145,1,000098828,2186.315223400001
26155,1,000098828,113.029820854797
26159,1,000098828,4.9895160700000005
26163,1,000098828,64758.55113936732
27015,2,000098828,13.15417873
27017,2,000098828,22825.22165077
27037,5,000098828,6058.6332860899975
27053,1,000098828,775.6429527000001
27141,2,000098828,210.46685968
27163,3,000098828,5405.913865660002
29009,2,000098828,18.59728717
29021,2,000098828,7.25747792
29031,3,000098828,46.26642174000001
29047,1,000098828,57488.29697380001
29051,3,000098828,9.0718474
29095,1,000098828,36.2873896
29099,4,000098828,9.525439770000004
29109,3,000098828,1828.4308434700006
29163,0,000098828,26.76194983
29173,1,000098828,254.4471758752
29183,1,000098828,133229.15091640002
29189,1,000098828,24138.825154290003
29510,1,000098828,23046.55658363521
69110,3,000098828,695.3571032100001
28029,2,000098828,5976.07947475
28031,3,000098828,5.8967008100000005
28033,2,000098828,43.09127515
28059,3,000098828,167547.04244586005
28073,3,000098828,6.35029318
28075,3,000098828,1575.1992951464001
28081,2,000098828,133184.24527177
28083,3,000098828,10658.513510260002
28087,1,000098828,72.12118683
28133,2,000098828,5668.99744026
28145,2,000098828,361.22059717058715
28151,1,000098828,174.99593634599998
30013,2,000098828,2137.3785033778104
30049,4,000098828,248.11502639000003
30063,1,000098828,838.7376513670001
30111,2,000098828,46078.54559471549
37023,2,000098828,1221.07066004
37065,2,000098828,7.860755772099999
37071,1,000098828,28963.687193980004
37081,1,000098828,394.17176953
37097,1,000098828,6.35029318
37101,3,000098828,20.86524902
37119,1,000098828,62.59574706000001
37129,3,000098828,134.26334151999998
37145,2,000098828,1202.0197805000005
37165,0,000098828,571.5263862
37167,1,000098828,48.53438359
37179,1,000098828,1920.05650221
38007,2,000098828,365.59545022
38059,2,000098828,7472.4807033800025
38061,2,000098828,0.90718474
31047,2,000098828,0.14968548210000002
31055,1,000098828,9411.58808513
31105,3,000098828,17.916898615
31109,2,000098828,22821.13931944
31173,2,000098828,54.4310844
33013,1,000098828,48.08079122
34003,1,000098828,12815.79882198
34005,1,000098828,5234.909542170001
34007,3,000098828,1111.3013065
34013,1,000098828,240.1227288306
34015,2,000098828,1180111.223669763
34017,1,000098828,50.34875307
34023,5,000098828,1632.3519337664004
34031,1,000098828,10474.355008040002
34039,3,000098828,31271.166011254398
34041,2,000098828,4936.44576271
35001,3,000098828,7.71107029
35013,1,000098828,106.14061458
35015,1,000098828,18325.131748
35025,2,000098828,527.2013398035998
35031,3,000098828,2548.3363657444
32003,3,000098828,5.7696949464
36001,3,000098828,1460.9847363804001
36015,1,000098828,0.14143917281340002
36029,1,000098828,76.548112283489
36047,1,000098828,2377.27761117
36051,2,000098828,4143.566299950001
36055,1,000098828,6.8314276787064
36059,1,000098828,35.2395912253
36063,1,000098828,1047.15563431171
36065,1,000098828,9.0718474
36071,1,000098828,326.6953685688
36093,2,000098828,712.1400209
36103,1,000098828,192.129979889617
36119,1,000098828,51346.656284
39003,1,000098828,2495.7423304429003
39029,0,000098828,33.425221745300014
39035,1,000098828,7791.293589102176
39037,2,000098828,189.60161066000003
39041,1,000098828,107.50139169
39043,2,000098828,45.087081578
39045,2,000098828,90.718474
39049,1,000098828,17095.84834450879
39061,1,000098828,24566.10916683
39085,1,000098828,14410.1850743774
39087,2,000098828,5.8967008100000005
39091,2,000098828,11885.02727874
39093,1,000098828,33.91555509727001
39095,1,000098828,28269.464071694994
39099,1,000098828,4.0823313300000015
39109,2,000098828,2365.93780192
39113,1,000098828,308.01589046135604
39125,1,000098828,16.928067248399998
39129,2,000098828,147.825753383
39133,1,000098828,2464.5487831580003
39135,2,000098828,34.01942775
39145,2,000098828,2541612.3124515195
39149,1,000098828,165.56121505000004
39151,1,000098828,893.5769688999999
39153,1,000098828,2084.25694015
39155,2,000098828,30425.615402490013
39159,2,000098828,88774.37710218
39165,1,000098828,7.25747792
39167,0,000098828,3617.39915075
39173,1,000098828,434.54149046
40019,2,000098828,13833.705459497
40049,3,000098828,624.6103012611003
40071,3,000098828,121727.635986495
40101,1,000098828,29187.761824760004
40109,1,000098828,9100.8546320615
40143,1,000098828,4811.844210826423
41021,1,000098828,47086.47138572299
41051,1,000098828,592.0786564847001
42003,2,000098828,92953.32932225383
42007,4,000098828,385.09992213
42011,1,000098828,550.178696335268
42013,1,000098828,123.939669897274
42029,5,000098828,355.8205346465001
42041,1,000098828,56.744450846237
42043,3,000098828,240.85754847
42045,3,000098828,8363.170148611816
42077,1,000098828,17.268261525899998
42079,3,000098828,17.102201359242994
42081,1,000098828,23.13321087000001
42091,1,000098828,1228.7817303300005
42095,1,000098828,15.050194836600001
42097,1,000098828,51.388976452121
42101,2,000098828,4617525.883619588
42121,2,000098828,1526.79191742
42129,1,000098828,43.145706234399995
72031,3,000098828,69.39963261
72061,3,000098828,159.68719385850002
72069,2,000098828,15522.83808614
72151,2,000098828,34.926612490000004
44007,1,000098828,9.0310240867
45007,1,000098828,3.6287389600000006
45015,0,000098828,154.2214058
45019,1,000098828,101.15109851
45035,1,000098828,21.441311329900007
45055,0,000098828,37.525696770100005
45057,2,000098828,54179.79422702
45075,1,000098828,2270.093734139001
45079,1,000098828,1637.0148633300007
45083,1,000098828,7.25747792
47037,1,000098828,53.959348335200005
47065,1,000098828,328.36776363699
47069,2,000098828,1491.86530493
47085,4,000098828,18320.5958243
47093,1,000098828,2.72155422
47119,2,000098828,43059.523684099986
47149,1,000098828,6440.55806163
47157,1,000098828,8856.84461662
47187,2,000098828,1878.77959654
48005,2,000098828,340.1942775
48029,1,000098828,2435.312804464309
48039,2,000098828,636098.1011453096
48055,1,000098828,291.20630154
48057,1,000098828,1481.2149560824005
48113,1,000098828,3333.404967893001
48135,3,000098828,3099.8457206562994
48139,0,000098828,13.6077711
48141,1,000098828,2586.837286110001
48157,2,000098828,909.660175000038
48167,3,000098828,143400.6513708384
48183,2,000098828,414.12983381
48201,3,000098828,3196055.210796672
48203,1,000098828,6696.715280740103
48225,2,000098828,97.6221498714
48227,3,000098828,7428.450492024102
48233,2,000098828,60607.65170228999
48241,2,000098828,595.11318944
48245,3,000098828,613109.9974228229
48253,3,000098828,234.05366292
48277,1,000098828,4190.28631406
48297,3,000098828,6105.625455621999
48303,2,000098828,1.81436948
48309,1,000098828,396.89332375
48329,2,000098828,983.38825816
48339,1,000098828,560.18657695
48341,3,000098828,30598.352448833397
48349,2,000098828,7.71107029
48355,3,000098828,485080.9563512482
48361,0,000098828,43.091329581084395
48365,2,000098828,579.282815727
48367,2,000098828,15.387168608273
48401,2,000098828,69.97927829962299
48409,1,000098828,3.17514659
48423,1,000098828,194.4459771716
48439,1,000098828,5749.7550258147985
48449,2,000098828,92.53284348
48453,3,000098828,503.4875307
48485,1,000098828,1554.46105199
48493,2,000098828,1111.75489887
49011,3,000098828,644.6999073283997
49013,3,000098828,714.40798275
49027,2,000098828,0.5034875307000001
49035,4,000098828,3413.7271047726
49045,4,000098828,30.358937324099998
49047,2,000098828,1.1249090776
51013,2,000098828,17468.749353440002
51029,3,000098828,8.6273268774
51143,1,000098828,4.5359237000000014
51153,3,000098828,84.28122716267099
51187,2,000098828,515.73452469
51199,3,000098828,1913.7062090300005
51550,5,000098828,4.0823313300000015
51600,3,000098828,14.968548210000002
51670,2,000098828,1097.6935354
51710,2,000098828,7091.00952021
51760,3,000098828,9.0718474
51770,3,000098828,5.4431084400000005
51840,2,000098828,44689.28106951001
78010,3,000098828,25959.204733192506
78030,3,000098828,470.9876373895
53015,2,000098828,80.57161268310001
53021,3,000098828,39.91612856
53033,1,000098828,46.72001411000001
53053,3,000098828,8.346099608000001
53057,2,000098828,4681.0324350866995
53061,1,000098828,286.21678547
53063,1,000098828,696.173569476
53073,2,000098828,77309.45829593827
55009,1,000098828,13376.4389913
55025,1,000098828,170.55073112
55031,2,000098828,2123.583398629
55035,2,000098828,15133.202240310002
55039,1,000098828,99.33672903
55059,1,000098828,2057.1230445766005
55079,1,000098828,3893.7366944014
55097,1,000098828,129.27382545000003
55101,1,000098828,5.4431084400000005
55115,2,000098828,330.28691295446015
55117,1,000098828,10032.55603966
55133,1,000098828,6.80388555
54009,2,000098828,3718.7316862079997
54029,4,000098828,2879.5404424709996
54039,3,000098828,4.9895160700000005
54073,0,000098828,379.20322132
54099,2,000098828,26.76194983
54107,2,000098828,230727.92366316004
56007,2,000098828,333.84398432
56021,3,000098828,1422.46567232
56025,3,000098828,7796.79924793
56041,2,000098828,75.7000306293
56045,2,000098828,409.33082653540004
05139,1,000075343,0.90718474
12019,2,000075343,60.78137758
20173,1,000075343,2950.16477448
21157,1,000075343,1152.57821217
22005,0,000075343,73836.11888346387
22019,5,000075343,147260.57728997993
22033,3,000075343,7835.808191750001
22047,2,000075343,17107.943838647203
22093,3,000075343,6.813868210878961
26163,1,000075343,122.4699399
28087,1,000075343,13.6077711
31105,3,000075343,8.096623804500004
36001,3,000075343,5.89670081
39029,0,000075343,67.91865352194999
42073,1,000075343,1.81436948
45075,1,000075343,16.329325320000002
48039,2,000075343,141.97441181
48057,1,000075343,116.36912252350001
48121,5,000075343,53.52389966000001
48201,3,000075343,2263.6118991717003
48245,3,000075343,43.5494034437
01015,1,000067721,0.90718474
01103,1,000067721,9579.8708544
05069,1,000067721,1576.68707812
05139,1,000067721,124.87039608127701
06013,3,000067721,182.34413274000008
06071,3,000067721,1.81436948
17031,1,000067721,5232.641580320002
17163,1,000067721,1.36077711
18017,1,000067721,9.071847400000003
18033,5,000067721,50575.54925500001
18093,1,000067721,338.8335003900001
20173,1,000067721,6545.337899100003
21047,2,000067721,0.45359237
21157,1,000067721,25.5644659732
22005,0,000067721,2086.88550793415
22019,5,000067721,5656.070057714997
22047,2,000067721,4309.58110737
26091,1,000067721,22.680979277110005
26155,1,000067721,1446.9596603
26163,1,000067721,10134.16073054
27053,1,000067721,5199.07574494
29071,1,000067721,45.359237
34015,2,000067721,7.71107029
34023,5,000067721,1.81436948
36001,3,000067721,0.14696392787999998
39029,0,000067721,730.0932069046
39035,1,000067721,225.43540789
39157,0,000067721,9930.95134878
41065,0,000067721,12166.25454814
45075,1,000067721,6.80388555
48039,2,000067721,7417.596026609999
48201,3,000067721,862.0749788035
48245,3,000067721,43.1593140055
48409,1,000067721,11.067653828000006
49045,4,000067721,3.3883350039000004
55079,1,000067721,1292.7382545
02090,4,001634044,3402.39636737
02122,3,001634044,2074.73150038
01007,0,001634044,64.41011654
01027,2,001634044,292.5670786500001
01043,1,001634044,252.19735772
01059,1,001634044,954.8119388500003
01073,1,001634044,7232.53033965
01089,1,001634044,195.1172938792
01097,2,001634044,640.01883407
01103,1,001634044,7882.981798230001
01117,5,001634044,247.20784165000003
01121,3,001634044,1789.059025754
01125,5,001634044,67348.48791285999
05061,3,001634044,1037.36575019
05081,5,001634044,25.11540952690001
05133,0,001634044,583.77338019
05139,1,001634044,2892.9835595406903
04011,4,001634044,6622.448602
04013,1,001634044,59768.986625702215
04019,1,001634044,1363.04507185
06013,3,001634044,1013776.9057843351
06029,3,001634044,5754016.900562516
06033,3,001634044,258.09405853
06037,3,001634044,946726.6094955131
06059,5,001634044,5153.71650794
06065,2,001634044,54.88467677
06067,5,001634044,11908.160489610002
06071,3,001634044,29996.51702047
06073,5,001634044,57884.28311281001
06077,3,001634044,16095.271657079995
06081,5,001634044,8799.691978
06085,3,001634044,49954.58130047001
06095,3,001634044,166100.9899703
06099,3,001634044,750.6953723500003
06111,3,001634044,709.8720590500003
06113,3,001634044,36678.38622294
08001,3,001634044,134031.90508505492
08013,3,001634044,41775.85727700002
08041,1,001634044,4173.049804
08077,3,001634044,5062.998033940001
08123,1,001634044,163.74684557
09001,1,001634044,49711.90938252
09003,1,001634044,10334.64855808
09009,1,001634044,61768.39457712
09011,5,001634044,17377.1236947
10003,3,001634044,364323.57721452
12005,3,001634044,42.18409041
12009,1,001634044,16806.95808561
12011,5,001634044,45816.503468197014
12031,5,001634044,21331.08838399
12057,5,001634044,45112.93634309
12086,1,001634044,773.3749908500001
12089,3,001634044,10581.502597681398
13051,1,001634044,552.47550666
13053,3,001634044,100.69750614
13069,3,001634044,280.32008466
13089,5,001634044,11876.862616080005
13095,5,001634044,366.50263496
13115,2,001634044,17.69010243
13121,1,001634044,3708.117624750001
13293,3,001634044,3990.252078890001
66010,3,001634044,2012.58934569
15003,3,001634044,8352.676697365001
19067,3,001634044,2458.01705303
19125,3,001634044,2383.8410927639
19135,3,001634044,99913.34018666773
16001,3,001634044,2520.61280009
16023,2,001634044,54.88467677
17007,1,001634044,9306.80824766
17031,1,001634044,5268.5524882529
17033,3,001634044,24113.42398157
17043,1,001634044,281.6808617700001
17097,1,001634044,8991.461034440808
17113,5,001634044,9467.37994664
17119,3,001634044,192753.62403913
17125,3,001634044,16.78291769
17135,4,001634044,11.33980925
17157,1,001634044,58.51341573000001
17163,1,001634044,33621.9810435586
17197,1,001634044,10306.979423510003
18019,1,001634044,299.3709642
18027,3,001634044,356.07001045000015
18033,5,001634044,68222.10681748
18051,1,001634044,5055.28696365
18069,1,001634044,810.11597282
18089,3,001634044,279688.23048859
18097,1,001634044,6077.4120102080005
18133,5,001634044,2694.1572408520005
18141,1,001634044,3211.4339796000004
18157,1,001634044,28853.91784044
18167,1,001634044,801.4795740952002
18169,1,001634044,71.21400209000002
20015,2,001634044,10355.5138071
20021,3,001634044,7919.7227802000025
20133,3,001634044,179.89019801829997
20173,1,001634044,1100.86868199
21017,1,001634044,47.717917324000005
21019,2,001634044,147601.67875222
21071,3,001634044,3102.1182184300005
21111,2,001634044,26373.67476128001
21145,1,001634044,1474.62879487
21209,2,001634044,868.5684710947091
21227,1,001634044,12136.77104409
22001,3,001634044,3292.627013830001
22005,0,001634044,63733.35672396
22007,3,001634044,38.10175908
22009,3,001634044,641.37961118
22017,1,001634044,3588.82283144
22019,5,001634044,328456.21414914005
22033,3,001634044,1313414.4280764891
22047,2,001634044,927.5963966500003
22051,5,001634044,5701.656090899999
22055,3,001634044,825.5381133999998
22059,3,001634044,32.20505827
22073,3,001634044,44.7423513768
22075,3,001634044,45492.59315678001
22087,3,001634044,114391.87255935668
22089,3,001634044,419853.67056779296
22093,3,001634044,290583.06562362
22095,3,001634044,18609.53416399
22097,3,001634044,114912.18383106
22099,3,001634044,4313.6634387
25007,3,001634044,7243.416556530001
25009,1,001634044,2130.795517312
25013,1,001634044,38075.90431491
25015,1,001634044,93.44002822
25017,1,001634044,84031.61528146
25021,5,001634044,61247.67053636001
25025,1,001634044,205963.31494558466
25027,1,001634044,359.48556099610016
24003,3,001634044,20075.9982962
24021,3,001634044,2128.70899241
24510,5,001634044,166782.82330771696
23005,3,001634044,37339.962487986624
23027,3,001634044,13626.567967812805
26007,1,001634044,19.05087954
26027,3,001634044,26558.28685587
26049,5,001634044,24720.784165
26065,2,001634044,2771.4493806999994
26077,3,001634044,128128.95830811994
26081,1,001634044,226.34259263
26099,1,001634044,12229.75747994
26111,0,001634044,387.36788398
26115,1,001634044,3287.183905390001
26121,1,001634044,1282.7592223600004
26125,1,001634044,6492.721184180003
26139,5,001634044,107259.17336442
26159,1,001634044,3032.7185858200005
26163,1,001634044,288133.3402391137
27037,5,001634044,16769.76351127
27043,3,001634044,1082.27139482
27123,1,001634044,1224.699399
27145,1,001634044,17.23651006
27163,3,001634044,5287.072664720001
29031,3,001634044,96.16158244
29047,1,001634044,13130.138334390002
29051,3,001634044,3719.457434
29077,1,001634044,1686.683227845
29095,1,001634044,39.00894382
29109,3,001634044,9571.25259937
29163,0,001634044,49.44156833
29165,3,001634044,398.94809718610003
29173,1,001634044,1240.0036055638002
29189,1,001634044,12796.74794244
29510,1,001634044,16593.012172452098
69110,3,001634044,1385.72469035
28031,3,001634044,2103.30781969
28059,3,001634044,593969.68307523
28073,3,001634044,233.60007055
28075,3,001634044,7616.72307704
28083,3,001634044,18468.920529290004
28151,1,001634044,6492.2675918099985
30049,4,001634044,2623.5782680800007
30063,1,001634044,1703.23934935
30111,2,001634044,31679.798305540004
37045,1,001634044,3538.0204860000013
37063,1,001634044,78.01788764
37081,1,001634044,2148.21346432
37101,3,001634044,556.5124787530001
37119,1,001634044,500.76597648000006
37129,3,001634044,7121.4002089999985
37133,3,001634044,6103.53893072
37147,3,001634044,484.43665116
37159,3,001634044,19593.702601026398
31019,5,001634044,44475.63906324
31105,3,001634044,767.2514938549997
33015,1,001634044,16678.169930582404
34003,1,001634044,2792.76822209
34007,3,001634044,33315.45239176
34013,1,001634044,51518.43625044271
34015,2,001634044,490796.51491221064
34021,1,001634044,12724.62675561
34023,5,001634044,983524.8030711408
34027,1,001634044,19798.39976576
34033,3,001634044,16430.02282614
34039,3,001634044,783645.0478545922
35001,3,001634044,9142.60780972
35015,1,001634044,4399.845989
35023,4,001634044,231.3321087
35031,3,001634044,87503.41128143999
35037,3,001634044,4173.049804
32003,3,001634044,514.37374758
32007,4,001634044,1882.86192787
32011,4,001634044,2197.20144028
32013,4,001634044,25.40117272
32015,4,001634044,24.04039561
32023,4,001634044,10322.40156409
32033,3,001634044,1111.3013065
36001,3,001634044,6085.599352486502
36007,1,001634044,467.20014110000005
36009,1,001634044,3855.98873737
36015,1,001634044,15946.801280900376
36019,3,001634044,3115.9074264779997
36025,1,001634044,1587.573295
36029,1,001634044,12516.54533820383
36031,3,001634044,657.25534413
36045,1,001634044,2861.71426233
36047,1,001634044,52238.63207183392
36055,1,001634044,16773.13975350131
36059,1,001634044,105027.71325077274
36063,1,001634044,1814.82307237
36065,1,001634044,531.1294497278
36067,1,001634044,6744.01135716
36071,1,001634044,42064.7366496819
36081,1,001634044,10023.4887281837
36083,3,001634044,7281.2688398065
36085,3,001634044,36979.57155662
36089,4,001634044,1817.54462659
36099,3,001634044,1814.8230723700005
36101,1,001634044,2506.0978442500004
36103,1,001634044,25428.38826220001
36117,5,001634044,2717.47188867
36119,1,001634044,10514.2711366
36121,1,001634044,2433.9766574200007
39003,1,001634044,10148.2447736285
39017,1,001634044,593.2988199600002
39029,0,001634044,235.822673163
39031,1,001634044,509.83782388
39049,1,001634044,90.718474
39061,1,001634044,2556.446597320001
39089,1,001634044,2740.60509954
39091,2,001634044,551.56832192
39093,1,001634044,4155.9393926188595
39095,1,001634044,11566.459151460676
39113,1,001634044,90.26488163
39125,1,001634044,45.25672512438
39153,1,001634044,3790.67143609
39155,2,001634044,224.98181552000003
39159,2,001634044,13339.244416959995
40007,3,001634044,12503.27367905
40049,3,001634044,2361.85547059
40071,3,001634044,220856.39291485003
40109,1,001634044,636.39009511
40119,3,001634044,43583.42287145001
40143,1,001634044,55846.98205480239
41017,3,001634044,806.03364149
41043,1,001634044,27950.543276348
41051,1,001634044,10840.7124934416
42003,2,001634044,38731.1457089172
42011,1,001634044,9825.32528938453
42013,1,001634044,933.49309746
42019,1,001634044,1607.53135928
42029,5,001634044,33418.61680536348
42041,1,001634044,1215.21160739671
42043,3,001634044,4565.86079642
42045,3,001634044,316102.2494705229
42071,1,001634044,7679.586443598299
42073,1,001634044,45.359237
42077,1,001634044,4989.257522349099
42079,3,001634044,1931.433642112051
42081,1,001634044,2017.987094893
42083,1,001634044,19549.831147
42085,1,001634044,378.74962895
42089,1,001634044,461.75703266000005
42091,1,001634044,7676.733347590998
42095,1,001634044,34.47302012
42097,1,001634044,2004.5402583658765
42101,2,001634044,285589.4672222901
42123,1,001634044,27172.90451722
42125,3,001634044,3826.50523332
42129,1,001634044,1952.352278954
42133,1,001634044,194.65462966180002
72017,0,001634044,138.34567285
72021,3,001634044,57969.104886
72031,3,001634044,710.77924379
72057,3,001634044,478629.30804689
72061,3,001634044,26737.079360352905
72069,2,001634044,4404.3819127
72097,3,001634044,8425.931865120001
44003,1,001634044,167.82917690000005
44007,1,001634044,123197.18908274472
45003,1,001634044,252.65095009
45007,1,001634044,64308.96544149
45019,1,001634044,1431.53751972
45035,1,001634044,543.4943777340001
45041,3,001634044,21451.6804514782
45045,1,001634044,4295.519743900001
45075,1,001634044,1167.54676038
45077,1,001634044,17601.651917850002
45083,1,001634044,5445.3764018500015
46009,3,001634044,500.76597648
47037,1,001634044,19175.073130906003
47047,3,001634044,2940.18574234
47051,3,001634044,8147.426149940003
47065,1,001634044,4270.422977019506
47085,4,001634044,828.2596676200003
47093,1,001634044,1290.01670028
47097,3,001634044,4112.268426420002
47119,2,001634044,23.13321087000001
47139,3,001634044,2537.8493101500007
47149,1,001634044,8250.575504276801
47153,3,001634044,13156.90028422
47157,1,001634044,26860.37937429
48029,1,001634044,78996.87605217102
48037,3,001634044,153.31422106
48039,2,001634044,296540.910685096
48061,3,001634044,1440.60936712
48071,0,001634044,7982.77211963
48113,1,001634044,73709.66730974
48121,5,001634044,147.87111262000005
48135,3,001634044,4670.64063389
48141,1,001634044,13410.004826680002
48167,3,001634044,605724.9829361503
48189,3,001634044,20451.119186190004
48199,3,001634044,147.41752025000005
48201,3,001634044,6156933.261719511
48215,1,001634044,6651.024921310001
48227,3,001634044,508617.20681233006
48233,2,001634044,16056.716305629996
48245,3,001634044,1548639.29915448
48253,3,001634044,69358.35570433001
48297,3,001634044,20070.55518776
48309,1,001634044,746.1594486500003
48341,3,001634044,299670.33516420005
48355,3,001634044,1742062.937183923
48375,3,001634044,11096.68373968
48423,1,001634044,2086.524902
48439,1,001634044,107335.32825747797
48453,3,001634044,1275.04815207
48479,3,001634044,1782.6180141
48485,1,001634044,25293.0090834498
49003,3,001634044,79378.66475000001
49011,3,001634044,29902.62339988
49013,3,001634044,2213.5307656
49035,4,001634044,5937.5241233000015
49045,4,001634044,14327.241173599205
51013,2,001634044,3972.4803298334004
51019,3,001634044,295.28863287
51029,3,001634044,3991.612856
51041,3,001634044,9228.336767649998
51059,3,001634044,78103.15846963631
51061,3,001634044,536.14618134
51069,3,001634044,1427.45518839
51107,1,001634044,5849.98079589
51153,3,001634044,18978.45217832025
51165,1,001634044,3048.1407264000004
51199,3,001634044,323121.06069320004
51550,5,001634044,45920.920431770995
51600,3,001634044,16796.525461100002
51630,3,001634044,985.65622001
51660,1,001634044,1246.47183276
51710,2,001634044,5320.184907730001
51730,3,001634044,30448.74861336
51760,3,001634044,42722.050960820015
51770,3,001634044,1467.82490932
78010,3,001634044,354863.4728894948
78030,3,001634044,2472.8132361394005
53021,3,001634044,1131.2593707800004
53053,3,001634044,3519.547936731751
53057,2,001634044,3210.5267948600012
53061,1,001634044,3957.59342825
53063,1,001634044,1822.53414266
53073,2,001634044,18824.083355000002
55009,1,001634044,111.946596916
55015,3,001634044,2717.0182963
55035,2,001634044,992.91369793
55059,1,001634044,2431.2551032
55063,1,001634044,1861.9195681470999
55079,1,001634044,18030.296707500005
55089,1,001634044,279.7803097397
55105,1,001634044,51.255937810000006
55117,1,001634044,70924.15656557
55131,5,001634044,8897.604426988199
54029,4,001634044,317.514659
54039,3,001634044,3528.495046230001
54083,3,001634044,593.2988199600002
56021,3,001634044,273963.89477919013
56025,3,001634044,87267.99684141001
01003,0,000087865,37.19457434000001
01007,0,000087865,17123.111967499994
01053,0,000087865,1740.8875160599994
01075,1,000087865,70.76040972
01099,0,000087865,28190.31220313
01101,1,000087865,4803.99679067
01125,5,000087865,1083.17857956
05025,0,000087865,21.092045205
05133,0,000087865,5090.522018951599
06031,0,000087865,7549.1378139100025
06037,3,000087865,24.94758035000001
06077,3,000087865,8.164662660000001
12086,1,000087865,979.30592683
13051,1,000087865,84.82177319000002
13121,1,000087865,358.79156467
13279,0,000087865,28.12272694
16001,3,000087865,76.65711053000003
16017,0,000087865,24.040395610000004
16073,0,000087865,128366.64071
17163,1,000087865,0.90718474
18017,1,000087865,1.81436948
20125,2,000087865,3.17514659
20173,1,000087865,16099.80758078
21157,1,000087865,1.542214058
22079,0,000087865,284.52443233752996
24005,1,000087865,0.90718474
27071,0,000087865,1.36077711
27123,1,000087865,124.73790175000002
29097,1,000087865,331.1224301000001
28043,1,000087865,747.0666333899999
28069,0,000087865,1215.6275515999996
28085,0,000087865,1.36077711
28109,0,000087865,0.90718474
28131,0,000087865,530.24948053
30031,0,000087865,9.0718474
37019,0,000087865,350.62690201000015
37119,1,000087865,21.77243376000001
31033,0,000087865,18.1436948
31105,3,000087865,8.2780607525
31159,0,000087865,1887.85144394
34015,2,000087865,6.350293180000001
32019,0,000087865,20.865249020000007
32021,0,000087865,1179.340162
36063,1,000087865,76.20351816
39029,0,000087865,1.5739655239
39093,1,000087865,2.1908511471
39095,1,000087865,95708.16751533515
40023,0,000087865,54.88467677000001
40089,0,000087865,747.9239229693001
41021,1,000087865,306009.0572028414
41039,0,000087865,352.3278733975
41051,1,000087865,106.14061458
41067,1,000087865,64.86370891
41071,0,000087865,1361.6842947399996
45035,1,000087865,3.17514659
45041,3,000087865,1606.6241745399998
45085,0,000087865,5404.55308855
46081,0,000087865,82.55381134
47157,1,000087865,4569.035943010002
47163,1,000087865,5.4431084400000005
48039,2,000087865,344.27660883
48139,0,000087865,2.2679618500000003
48201,3,000087865,106.6758535766
48245,3,000087865,67.74402045949999
49045,4,000087865,6883.899244068
51740,0,000087865,41.73049804
53011,0,000087865,1208.8236660500004
53033,1,000087865,14.514955840000002
53053,3,000087865,45.63411397622
53061,1,000087865,273.96979148
53073,2,000087865,11.793401620000004
55005,1,000087865,1.36077711
55105,1,000087865,23.13321087000001
01015,1,000079016,689850.4918382001
01043,1,000079016,236654.56156958
01055,1,000079016,1298171.8375002302
01059,1,000079016,70150.78157472001
01069,1,000079016,49704.69726383701
01071,1,000079016,367364.00687063
01073,1,000079016,176610.13551311902
01075,1,000079016,35869.63102723
01077,1,000079016,36960.97426945
01081,1,000079016,533963.04126319
01089,1,000079016,850477.52908734
01091,2,000079016,267.61949830000003
01093,2,000079016,3628.73896
01097,2,000079016,120852.42950858005
01101,1,000079016,1367351.47781078
01103,1,000079016,76803.81591022907
01117,5,000079016,234.50725529
01125,5,000079016,54987.18864562
05005,1,000079016,1218.34910582
05009,1,000079016,31803.17543018001
05031,1,000079016,140779.64950742002
05037,1,000079016,1365207.34667779
05057,1,000079016,268170.15943718003
05063,1,000079016,437147.8322180201
05069,1,000079016,35965.3390173
05071,1,000079016,1136184.47673346
05081,5,000079016,17.377123694700003
05103,1,000079016,13913.03876501
05119,1,000079016,55274.7662082
05121,1,000079016,52725.57708880001
05125,1,000079016,158.30373713
05131,1,000079016,31141.83775472
05139,1,000079016,291981.02143222705
05143,1,000079016,333799.65927360364
05145,1,000079016,29651.78681927
04012,1,000079016,3.1146373678420005
04013,1,000079016,332048.66571953986
04015,1,000079016,33506.41477953
04019,1,000079016,168296.3770411
04023,1,000079016,71084.27467218
06001,1,000079016,34243.50238078
06013,3,000079016,10331.473411490002
06029,3,000079016,830.0740371
06037,3,000079016,131610.27974787005
06059,5,000079016,10938.833594920005
06067,5,000079016,6073.601834300001
06073,5,000079016,111596.42360636
06077,3,000079016,1661.0552589400006
06081,5,000079016,8422.756718530001
06085,3,000079016,548.8467677000001
08001,3,000079016,38.10175908000001
08005,1,000079016,82136.50635960001
08013,3,000079016,1440.60936712
08041,1,000079016,25365.79251514
08099,1,000079016,1997.16720511
08123,1,000079016,84691.59217981
09001,1,000079016,417623.40224374
09003,1,000079016,503470.1036811447
09005,1,000079016,445410.01723757
09007,1,000079016,113560.5874306288
09009,1,000079016,1161020.0469836122
09011,5,000079016,25324.062017100005
09015,1,000079016,3900.894382
10001,1,000079016,1135684.16434935
10005,1,000079016,59.42060047
12009,1,000079016,246509.76299257003
12011,5,000079016,47718.82450874002
12019,2,000079016,786.52916958
12031,5,000079016,12018.83702789
12035,1,000079016,11287.64612745
12057,5,000079016,48261.32098326
12081,1,000079016,62218.81180053001
12085,1,000079016,29750.66995593
12086,1,000079016,963702.8482536072
12099,1,000079016,268538.02284924994
12101,1,000079016,39135.9496836
12103,1,000079016,112910.93429462
12105,1,000079016,284.40241599
12117,1,000079016,5647.2250065
12127,1,000079016,638734.71407053
13009,1,000079016,764710.4693982599
13019,1,000079016,13087.50065161
13021,1,000079016,24591.963931920003
13051,1,000079016,20828.96163040001
13057,1,000079016,32224.56274191
13059,1,000079016,692259.52091527
13067,1,000079016,2142886.4755267203
13071,1,000079016,7103.2565142
13073,1,000079016,21029.44945794
13089,5,000079016,25827.095955429995
13095,5,000079016,258.5476509
13121,1,000079016,30641.525370609994
13129,1,000079016,1838.86346798
13135,1,000079016,17756.78050839
13157,1,000079016,144954.51368090007
13161,1,000079016,11911.3356362
13163,1,000079016,277828.95536396
13175,1,000079016,1270654.65637418
13211,1,000079016,71676.41229567281
13215,1,000079016,175167.39426186006
13233,1,000079016,38318.57623286
13245,0,000079016,1518.62725476
13251,1,000079016,13290.256441
13277,1,000079016,278596.433654
13285,1,000079016,115832.97634216
13303,1,000079016,56287.63797041
13313,1,000079016,2697.51382439
19013,1,000079016,122176.01204424
19029,1,000079016,9616.158244
19033,1,000079016,4989.5160700000015
19057,1,000079016,19185.59647389
19061,1,000079016,55761.92441358
19111,1,000079016,161971.03144145
19153,1,000079016,16981.837902309282
19155,1,000079016,558.8257998400002
19163,1,000079016,56654.59419774001
19175,1,000079016,10205.828325
19183,1,000079016,82264.41940794
16055,1,000079016,5625.452572740001
17007,1,000079016,53886.77355599999
17011,1,000079016,632125.87323963
17029,1,000079016,180663.11941678
17031,1,000079016,10812894.117910022
17035,1,000079016,4456.998627620002
17037,1,000079016,38457.37549808
17043,1,000079016,1063600.9885599562
17049,2,000079016,64941.72679764
17075,1,000079016,10877.145032600001
17077,1,000079016,1866.98619492
17089,1,000079016,414959.4542547301
17091,2,000079016,532.51744238
17093,1,000079016,855047.9258074602
17097,1,000079016,617409.5223873502
17107,1,000079016,25740.00622039
17111,1,000079016,520675.95996877993
17113,5,000079016,14537.6354585
17115,1,000079016,313029.03869383305
17141,1,000079016,1224055.7514269704
17143,4,000079016,15806.33331739
17157,1,000079016,44526.44140868
17161,1,000079016,11675.467603799998
17163,1,000079016,917133.8350435802
17167,1,000079016,16910.83073834
17175,1,000079016,10700.69760067
17177,1,000079016,129664.82207294
17179,1,000079016,57920.11691004001
17183,1,000079016,261580.36948582
17195,1,000079016,921962.7794146
17197,1,000079016,237032.902965397
17201,1,000079016,1798200.930495547
18001,1,000079016,1222767.0955038
18003,1,000079016,1832387.07612114
18005,1,000079016,683.56370159
18011,1,000079016,35600.19715945
18017,1,000079016,80644.64105466996
18019,1,000079016,11743.5064593
18023,1,000079016,5676.70851055
18029,1,000079016,117375.21307977848
18031,1,000079016,503448.52175618
18033,5,000079016,78562.19848400001
18035,1,000079016,43490.4364356
18039,1,000079016,1110232.18928391
18041,1,000079016,5051963.4923550105
18051,1,000079016,64365.21089537
18053,1,000079016,249618.23150418003
18057,1,000079016,5034.875307
18061,1,000079016,6146910.834397472
18067,1,000079016,482020.81819738005
18069,1,000079016,308690.47303402
18075,1,000079016,2958.78302951
18085,1,000079016,248947.82198132
18089,3,000079016,72314.87077199
18091,1,000079016,11202.82435426
18093,1,000079016,140661.26189885
18095,1,000079016,114747.98339312
18097,1,000079016,377875.6925307211
18099,1,000079016,99694.61340993
18105,1,000079016,54206.10258448
18107,1,000079016,808891.7270133701
18113,1,000079016,147770.86870623
18127,1,000079016,8382.3869976
18133,5,000079016,3260.875547930001
18137,1,000079016,17431.554779100006
18141,1,000079016,101841.01250477
18145,1,000079016,60626.70258183001
18151,1,000079016,175564.74117798
18157,1,000079016,786408.51400958
18159,1,000079016,26169.55819478
18163,1,000079016,51328.96618157
18167,1,000079016,164086.58625513
18169,1,000079016,665786.05583259
18177,1,000079016,1379365.77891497
18183,1,000079016,531970.40998178
20001,1,000079016,14514.95584
20015,2,000079016,841.8674387200001
20035,1,000079016,76529.19748166
20091,1,000079016,27442.338385000006
20099,1,000079016,258.09405853
20125,2,000079016,13.6077711
20133,3,000079016,50.99285423540001
20155,1,000079016,282624.78749197
20173,1,000079016,8498757.027308242
20177,1,000079016,6601.58335298
20205,1,000079016,551.659040394
20209,1,000079016,22456.45105396
21005,1,000079016,28054.23449213001
21017,1,000079016,619.7886143680001
21019,2,000079016,121.56275516000002
21029,1,000079016,11.79340162
21037,1,000079016,487448.9580891702
21047,2,000079016,55.33826914
21055,1,000079016,11793.40162
21059,1,000079016,11032.27362314
21067,1,000079016,39553.254664
21073,1,000079016,1360.77711
21093,1,000079016,118246.9949353
21097,1,000079016,2713.38955734
21103,1,000079016,64.86370891
21107,1,000079016,82470.35034392
21111,2,000079016,117.9340162
21113,1,000079016,48543.90902977
21125,1,000079016,16356.540862200005
21141,1,000079016,88369.77270814002
21145,1,000079016,160769.46525332006
21151,1,000079016,610620.6053855601
21157,1,000079016,34136.731272805715
21167,1,000079016,633141.01296369
21211,1,000079016,229154.86532400013
21213,1,000079016,358891.3549914001
21225,1,000079016,436219.78222900006
21227,1,000079016,321958.5034488901
21239,1,000079016,3628.73896
22005,0,000079016,16214.318335363614
22017,1,000079016,112181.55776366002
22019,5,000079016,775392.1161193899
22033,3,000079016,152331.0777417198
22047,2,000079016,209950.1408598671
22051,5,000079016,5604.13373135
22071,1,000079016,653379.8509207199
22101,1,000079016,1394.3429453800006
22119,1,000079016,5238.9918735
25003,1,000079016,233458.09613819
25005,1,000079016,3369229.6479163636
25009,1,000079016,283967.42090717005
25011,1,000079016,16454.51681412
25013,1,000079016,230061.77790857802
25015,1,000079016,398.25410086
25017,1,000079016,635581.3399142902
25021,5,000079016,108939.73309527
25023,1,000079016,451608.44769209396
25025,1,000079016,513164.0167292101
25027,1,000079016,482711.9995292318
24005,1,000079016,299.3709642
24019,1,000079016,70852.94256348001
24023,1,000079016,135572.40909981998
24027,1,000079016,10886.21688
24045,1,000079016,1200729.7637997204
24510,5,000079016,153099.21827662006
23015,1,000079016,63119.64624735
23019,1,000079016,5600.504992390002
23031,1,000079016,172554.24861828994
26005,1,000079016,10050.69973446
26007,1,000079016,336.11194617000007
26009,1,000079016,90396.4234173
26015,1,000079016,41118.1483405
26021,1,000079016,117579.30696666
26025,1,000079016,342123.40584961005
26027,3,000079016,12084.60792154
26029,1,000079016,4375.805593390001
26031,1,000079016,46810.73258400001
26037,1,000079016,1104577.25320712
26049,5,000079016,19193.307544180007
26059,1,000079016,149562.10497536
26065,2,000079016,18477.53878432
26073,1,000079016,19232.316488000004
26075,1,000079016,116763.29429303002
26077,3,000079016,20418.91412792
26081,1,000079016,2746761.708778011
26091,1,000079016,66702.38640510831
26093,1,000079016,104743.41853861268
26099,1,000079016,383973.65227529
26109,1,000079016,3295.802160420001
26111,0,000079016,5.4431084400000005
26115,1,000079016,123793.97602803
26117,1,000079016,7911.55811754
26121,1,000079016,650740.4345678568
26123,1,000079016,613.25688424
26125,1,000079016,956713.39806504
26139,5,000079016,65382.16498891
26145,1,000079016,170550.73112
26147,1,000079016,17257.37530902
26149,1,000079016,25006.7015795058
26155,1,000079016,193512.03048177
26159,1,000079016,24493.98798
26161,1,000079016,303107.65814406
26163,1,000079016,1951625.3563577617
26165,1,000079016,286459.00379558
27003,1,000079016,342441.3741009801
27009,1,000079016,35579.785502800005
27019,1,000079016,31961.47916731
27035,1,000079016,30571.67214563
27037,5,000079016,12383.071701
27047,1,000079016,1904.63436163
27053,1,000079016,2398223.14603949
27079,1,000079016,67688.22859799
27085,1,000079016,73120.90441348
27091,1,000079016,23779.12640488
27123,1,000079016,1832555.1774534625
27129,1,000079016,25174.376535
27131,1,000079016,379851.76769062603
27137,1,000079016,35294.929494439995
27145,1,000079016,117593.36833013
27147,1,000079016,7983.225712
27157,1,000079016,104863.75205845
27161,1,000079016,35472.28411111001
27163,3,000079016,809.2087880800003
27165,1,000079016,1344.90137705
29019,1,000079016,93254.50894067
29023,1,000079016,5310.20587559
29029,1,000079016,123050.5381336
29031,3,000079016,17.690102430000003
29047,1,000079016,99403.40710839
29053,1,000079016,518220.21087760007
29069,1,000079016,62368.95087500001
29071,1,000079016,513724.20330616005
29077,1,000079016,7252.48840393
29091,1,000079016,47398.58829552
29095,1,000079016,776209.0359777599
29097,1,000079016,80679.56766715996
29099,4,000079016,46993.98390148
29105,1,000079016,2177.243376000001
29121,1,000079016,302142.86717307
29127,0,000079016,14004.66442375
29139,1,000079016,57036.06538090999
29143,1,000079016,6368.4368748000015
29147,1,000079016,355026.747999
29159,1,000079016,562154.26065106
29163,0,000079016,206.38452835
29173,1,000079016,3930.3642782789007
29183,1,000079016,244017.72651179
29189,1,000079016,2156432.69414211
29510,1,000079016,1002710.072958525
28023,1,000079016,26324.68678532
28025,1,000079016,10886.21688
28027,1,000079016,69896.76984752003
28043,1,000079016,5740505.8237981275
28045,1,000079016,17962.257852000002
28047,4,000079016,16901.75889094
28049,1,000079016,75432.411131
28059,3,000079016,195597.19460666005
28067,1,000079016,123146.24612367002
28087,1,000079016,425.46964306000007
28093,1,000079016,10577.32047603
28107,1,000079016,40018.640435620015
28137,1,000079016,6247.32771201
28151,1,000079016,148333.77683740004
28155,1,000079016,45340.63971283
30063,1,000079016,9878.78822623
30111,2,000079016,17304.5489155
37001,1,000079016,28378.55303668
37017,1,000079016,39605.41778655
37021,1,000079016,4665.19752545
37035,1,000079016,872654.56724138
37045,1,000079016,15735.1193153
37047,1,000079016,169767.37709701006
37051,1,000079016,71686.64533954
37057,1,000079016,20501.46793926
37063,1,000079016,8452.69381495
37067,1,000079016,6254.131597560001
37071,1,000079016,101681.80158289998
37081,1,000079016,60663.44356379999
37083,1,000079016,461.30344029
37097,1,000079016,23365.45016344
37113,1,000079016,33259.66053025
37119,1,000079016,30060.01995227
37123,0,000079016,12.88383767748
37127,1,000079016,347710.7566632701
37151,1,000079016,1031435.02995225
37155,1,000079016,16157.86740414
37159,3,000079016,8055.800491200002
37167,1,000079016,2610.87768172
37173,1,000079016,40072.16433528
37179,1,000079016,175426.39550513
37183,1,000079016,77511.22496271
37195,1,000079016,4826.2228168
31001,1,000079016,408037.498610819
31019,5,000079016,35478.18081192
31055,1,000079016,370863.01841280994
31067,1,000079016,95653.5589856
31101,1,000079016,61597.843846
31105,3,000079016,161.01621950260005
31109,2,000079016,15247.96110992
31131,1,000079016,17406.60719875
31141,1,000079016,111683.96693377002
33009,1,000079016,12087.783068129998
33011,1,000079016,48534.38359
33013,1,000079016,1274.5945597
33015,1,000079016,194575.70458942
33017,1,000079016,610503.5785541001
34001,1,000079016,3265.865064
34003,1,000079016,355980.65275311
34005,1,000079016,16332.04687422
34013,1,000079016,1195475.80337801
34015,2,000079016,8250.845210300002
34017,1,000079016,14775.31786038
34021,1,000079016,94539.53612488
34023,5,000079016,543610.9509730899
34025,1,000079016,310918.51875546004
34027,1,000079016,116430.35749345002
34031,1,000079016,166054.26995619005
34033,3,000079016,557.46502273
34035,0,000079016,5.597329845799999
34037,1,000079016,247606.54934323
34039,3,000079016,152753.06397681512
34041,2,000079016,2510.63376795
35001,3,000079016,1139.8776258100004
35013,1,000079016,47868.05639847001
35015,1,000079016,198908.60488053173
32005,1,000079016,222.71385367
32023,4,000079016,5055.581798690499
32031,1,000079016,12633.45468924
36001,3,000079016,58.291155468700005
36005,1,000079016,282610.7261285
36007,1,000079016,11512.1743506
36009,1,000079016,38197.46707007
36013,1,000079016,2394549.95502723
36015,1,000079016,236643.22176033
36025,1,000079016,407054.24643037
36027,1,000079016,2993.709642000001
36029,1,000079016,488710.39847014
36037,1,000079016,41381.68550747
36043,1,000079016,86648.38966399
36045,1,000079016,43442.35564438
36047,1,000079016,305877.2931552801
36053,1,000079016,15733.30494582
36055,1,000079016,772397.04570028
36059,1,000079016,746830.7653576002
36063,1,000079016,557200.12478592
36065,1,000079016,1061539.04836441
36067,1,000079016,321625.56664931
36069,1,000079016,388207.48345687
36071,1,000079016,395314.3687100301
36081,1,000079016,48715.36694563001
36087,1,000079016,87036.21114034
36089,4,000079016,451.32440815
36101,1,000079016,9453.772175540002
36103,1,000079016,473283.26837406994
36115,1,000079016,380896.48163721006
36117,5,000079016,1732.7228534
36119,1,000079016,86247.86760127997
36121,1,000079016,236745.28004358
39003,1,000079016,229922.79720641
39007,1,000079016,22995.31878952001
39011,1,000079016,289537.0816184
39015,1,000079016,54654.70543841
39017,1,000079016,135752.93886308002
39023,1,000079016,618684.1169470501
39025,1,000079016,37164.18365121001
39029,0,000079016,257.4544932883
39031,1,000079016,170519.43324647
39035,1,000079016,1432772.721914249
39039,1,000079016,20950.97797793
39041,1,000079016,576099.05088197
39047,1,000079016,25824.82799358
39049,1,000079016,327476.90822231
39055,1,000079016,97106.86893907998
39057,1,000079016,11589.2850535
39061,1,000079016,110324.09700851004
39063,1,000079016,7711.070290000002
39065,1,000079016,98070.75272533
39081,1,000079016,1295149.5515389198
39085,1,000079016,467171.56478069
39089,1,000079016,13348.31626436
39093,1,000079016,110357.65785437393
39095,1,000079016,97295.563365
39097,1,000079016,198237.0169246945
39099,1,000079016,104796.16679532
39101,1,000079016,263.0835746
39103,1,000079016,125059.9523327
39113,1,000079016,212282.13634474
39121,1,000079016,22841.55097609
39123,1,000079016,53796.055082000006
39125,1,000079016,536.14618134
39133,1,000079016,31327.810626420003
39137,1,000079016,504349.356203
39139,1,000079016,36974.12844818
39147,1,000079016,135869.05850980006
39149,1,000079016,230077.47220458003
39151,1,000079016,932913.86000351
39153,1,000079016,807036.9878128937
39155,2,000079016,28621.678547000003
39159,2,000079016,75142.1120142
39161,1,000079016,223171.52837133
39165,1,000079016,39689.33237500001
39171,1,000079016,52820.8314865
39173,1,000079016,37591.92125612
40027,1,000079016,48863.23805825001
40035,1,000079016,117695.88020575
40037,1,000079016,5604.13373135
40071,3,000079016,154.2214058
40101,1,000079016,146679.07187164002
40105,1,000079016,53148.77877001
40109,1,000079016,55941.546992100004
40125,1,000079016,99125.80857795
40131,1,000079016,45889.03288816
40141,1,000079016,40191.00553622
40143,1,000079016,193876.87296865575
41003,1,000079016,834156.36843
41005,1,000079016,400138.32356498006
41021,1,000079016,192579.7756914801
41027,1,000079016,96839.24944078
41043,1,000079016,1993614.1571087826
41047,1,000079016,10931.576117
41051,1,000079016,477610.2402129058
41067,1,000079016,61332.94590192
42003,2,000079016,42507.50176981
42007,4,000079016,60.73254890568034
42011,1,000079016,1893409.447327321
42013,1,000079016,337744.878702
42017,1,000079016,631520.7810180499
42019,1,000079016,50985.14316511001
42027,1,000079016,59352.10802213
42029,5,000079016,70571.26170171
42033,1,000079016,60289.68345092
42035,1,000079016,176622.06499245
42039,1,000079016,167166.47844742992
42041,1,000079016,5114.70756412
42043,3,000079016,359.24515704000015
42045,3,000079016,139093.19307576
42047,1,000079016,750066.2397328102
42049,1,000079016,311903.26779073
42051,1,000079016,21205.4432975
42055,1,000079016,14890.98391473
42063,1,000079016,91032.81351241
42069,1,000079016,366932.1869343901
42071,1,000079016,257099.33046259012
42073,1,000079016,303896.45527549
42077,1,000079016,134662.5028056
42081,1,000079016,536174.7576593099
42083,1,000079016,561211.6957062001
42085,1,000079016,2229555.4854998505
42087,1,000079016,21385.51946839
42089,1,000079016,382727.18044253
42091,1,000079016,5090033.301617703
42095,1,000079016,4916.9412908
42097,1,000079016,12246.99399
42101,2,000079016,127509.30577146301
42105,1,000079016,32189.182537050005
42107,1,000079016,20881.57834532
42111,1,000079016,23995.03637300001
42123,1,000079016,228434.56064044003
42129,1,000079016,711317.6579331901
42133,1,000079016,867934.93863153
72085,1,000079016,37.965681369
72089,1,000079016,4789.9354272
72091,1,000079016,39415.362583520015
44003,1,000079016,72895.46900559
44007,1,000079016,843282.1933220299
45003,1,000079016,1183.8760857000002
45007,1,000079016,232035.63046587
45019,1,000079016,363829.16153122
45021,1,000079016,6577.089365
45023,1,000079016,5433.58300023
45035,1,000079016,400554.1226187119
45043,1,000079016,294835.0405
45045,1,000079016,317408.51838542
45063,1,000079016,46541.29871622
45073,1,000079016,429783.30649870005
45075,1,000079016,274299.09954061994
45077,1,000079016,126510.99432433
45079,1,000079016,96390.056916769
45083,1,000079016,60282.42597300001
45085,0,000079016,99.33672903
45091,0,000079016,11430.527724
46029,1,000079016,129552.85279640552
46083,1,000079016,24040.39561
46135,1,000079016,33159.87020885001
47001,1,000079016,25524.09625227001
47031,1,000079016,351.8878887986
47037,1,000079016,1243019.423297914
47041,1,000079016,116738.80030505006
47045,1,000079016,344725.6652763
47053,1,000079016,18609.08057162
47065,1,000079016,81981.37776906
47079,1,000079016,73786.77801264003
47093,1,000079016,873348.1117894795
47099,1,000079016,142477.44574833
47103,1,000079016,518274.64196200005
47105,1,000079016,609133.27600433
47117,1,000079016,314446.56020932004
47123,1,000079016,178131.16680744005
47125,4,000079016,80920.87880800001
47141,1,000079016,84683.88110952
47149,1,000079016,111162.33570827002
47157,1,000079016,170741.69350777
47163,1,000079016,838879.6257788101
47165,1,000079016,107169.8519549196
47177,1,000079016,746226.1267283901
47179,1,000079016,222203.10866138
47181,1,000079016,34019.42775
47185,1,000079016,265986.1121756301
48003,1,000079016,1633.83971674
48029,1,000079016,639661.221845492
48039,2,000079016,310844.81906718237
48055,1,000079016,2802.74725423
48057,1,000079016,10352.170831333102
48073,1,000079016,7711.070290000002
48085,1,000079016,45662.69029553
48091,1,000079016,75749.92579000001
48113,1,000079016,699779.6288175001
48121,5,000079016,284.8560083600001
48139,0,000079016,11.339809250000002
48141,1,000079016,362325.95641704
48143,1,000079016,148803.69853272
48147,1,000079016,13075.25365762
48167,3,000079016,40414.62657463001
48183,2,000079016,359.69874941
48201,3,000079016,402253.4805781515
48203,1,000079016,11339.80925
48209,1,000079016,271703.19040711
48213,1,000079016,40960.75178811
48215,1,000079016,17915.99143026
48245,3,000079016,1026.4468746593602
48265,1,000079016,135321.57251921
48277,1,000079016,27215.542200000004
48281,1,000079016,2729.26529029
48309,1,000079016,33728.67504083
48339,1,000079016,92213.55073890963
48355,3,000079016,116607.71211012002
48361,0,000079016,73.48196394000001
48363,1,000079016,215338.89532617
48397,1,000079016,21281.64681566
48409,1,000079016,5785.117086979997
48423,1,000079016,741717.41857059
48439,1,000079016,1929116.1026160098
48441,1,000079016,182886.62921452
48477,1,000079016,1723.6510059999996
48485,1,000079016,73839.84831993001
49035,4,000079016,120443.74278321
49045,4,000079016,460.4325429396
49057,1,000079016,41868.39012048001
51003,1,000079016,1915.97417088
51005,1,000079016,115047.35435732
51015,1,000079016,3241896.7895768317
51029,3,000079016,238.1632097922
51031,1,000079016,180384.61370160003
51057,1,000079016,8440.900413330002
51107,1,000079016,19936.74543861
51121,1,000079016,198495.64985096
51143,1,000079016,125565.25423288002
51147,1,000079016,25809.85944537001
51155,1,000079016,25824.82799358
51161,1,000079016,3476.785516050001
51165,1,000079016,8230.43355365
51197,1,000079016,341.55505461
51550,5,000079016,28639.36864943
51590,1,000079016,146056.74314
51660,1,000079016,102319.09886275
51680,1,000079016,24137.01078481
51700,1,000079016,124832.6481242456
51730,3,000079016,6901.86150192
51775,1,000079016,520.1797299159999
51820,1,000079016,38470.98326918001
51840,2,000079016,15438.46990532
50003,1,000079016,7933.323747414446
50011,1,000079016,10015.319529600001
50019,1,000079016,1202.0197805
53033,1,000079016,2192031.258369029
53053,3,000079016,1510.8254659960003
53061,1,000079016,241397.32339030004
53063,1,000079016,121000.3006212
55005,1,000079016,12373.065453317802
55009,1,000079016,29164.628613890003
55017,1,000079016,152481.87906105
55025,1,000079016,100464.35966182
55027,1,000079016,108267.96279530002
55035,2,000079016,4235.1066833244395
55039,1,000079016,113398.0925
55055,1,000079016,52671.14600440001
55059,1,000079016,245163.50083841005
55063,1,000079016,166106.88667111
55071,1,000079016,699659.4268394498
55073,1,000079016,12601.24963097
55079,1,000079016,1116805.6771254921
55081,1,000079016,45141.512662400004
55083,1,000079016,103875.37428421996
55085,1,000079016,303717.28628934
55089,1,000079016,215287.63938836
55097,1,000079016,69697.18920472
55101,1,000079016,329928.12138979003
55105,1,000079016,226181.11374628
55117,1,000079016,233444.48836709012
55127,1,000079016,1583561.2704873504
55131,5,000079016,17581.2402612
55133,1,000079016,458153.8264145074
55139,1,000079016,11884.120094
54011,1,000079016,77489.90612132
54037,1,000079016,1359.8699252600004
54051,0,000079016,1685.54924692
54057,1,000079016,93621.465168
54061,1,000079016,10387.265273
54079,1,000079016,235605.85601014004
54107,2,000079016,6168.856232
